"","X","samples","mean","upper","lower","sv","rel","der","Strata","locality"
"1",1,2,0.0244755604942418,0.0271065459263481,0.0206313845067677,"sites",100,27.229,"hightide","Antartica"
"2",2,3,0.0178112282774684,0.0209703051257153,0.0153702700795799,"sites",72.7714827272644,11.936,"hightide","Antartica"
"3",3,4,0.0148898248476763,0.0165376165070572,0.0129829521200997,"sites",60.8354805651102,8.008,"hightide","Antartica"
"4",4,5,0.0129298764174718,0.0155964830748377,0.0101690553709634,"sites",52.8277030489809,7.683,"hightide","Antartica"
"5",5,6,0.0110493230745994,0.0128545164557018,0.00970559695435916,"sites",45.1443106980077,4.557,"hightide","Antartica"
"6",6,7,0.00993391915029026,0.0115969568537806,0.00852587055076716,"sites",40.5870956566136,2.627,"hightide","Antartica"
"7",7,8,0.00929102464359937,0.0109082916814036,0.00753469225711326,"sites",37.9604162518982,3.954,"hightide","Antartica"
"8",8,9,0.00832328179965024,0.00967199337033211,0.00732006147030736,"sites",34.0065013081453,1.902,"hightide","Antartica"
"9",9,10,0.00785783961313104,0.00965489857706239,0.00695650273684325,"sites",32.1048403160356,1.993,"hightide","Antartica"
"10",10,11,0.00737012470007807,0.00915108635472328,0.00611002534557352,"sites",30.1121794608625,2.324,"hightide","Antartica"
"11",11,12,0.00680130455049392,0.00850598428001436,0.00557652482894864,"sites",27.7881462698025,1.273,"hightide","Antartica"
"12",12,13,0.00648967951647054,0.00742738450851957,0.00560872593727357,"sites",26.5149372901892,0.921,"hightide","Antartica"
"13",13,14,0.00626437878108332,0.00772622119183211,0.00537222978146001,"sites",25.5944242116828,0.89,"hightide","Antartica"
"14",14,15,0.00604652929871568,0.0078620022860461,0.00526132279155672,"sites",24.7043547792836,2.297,"hightide","Antartica"
"15",15,16,0.0054843606391711,0.00626618242568477,0.00451742463651145,"sites",22.4074976361067,0.127,"hightide","Antartica"
"16",16,17,0.00551534460491361,0.00668932364525921,0.00464697767208629,"sites",22.5340890812742,0.355,"hightide","Antartica"
"17",17,18,0.00542856517647506,0.00676026053037818,0.00453932361718929,"sites",22.1795336525682,1.18,"hightide","Antartica"
"18",18,19,0.00513972799375063,0.00605778394011019,0.00432433256519187,"sites",20.9994291855331,0.643,"hightide","Antartica"
"19",19,20,0.00498225667694189,0.00609474925169808,0.0040446248347166,"sites",20.3560473236722,NA,"hightide","Antartica"
"20",49,2,0.0172187765313389,0.019924618029112,0.0147463329533184,"sites",100,16.79,"midtide","Antartica"
"21",50,3,0.0143277454245005,0.0157548480620483,0.0121835684767237,"sites",83.2100085532992,9.565,"midtide","Antartica"
"22",51,4,0.0126808295720308,0.0149718946630942,0.0106977178810845,"sites",73.6453577230133,8.914,"midtide","Antartica"
"23",52,5,0.0111459843474185,0.0134039503300908,0.00924265540537303,"sites",64.7315697902944,4.762,"midtide","Antartica"
"24",53,6,0.0103260249936096,0.0122355770027706,0.00835075957086672,"sites",59.9695627317995,4.352,"midtide","Antartica"
"25",54,7,0.0095765782065169,0.0113661049308992,0.00835826624783019,"sites",55.6170654116287,3.55,"midtide","Antartica"
"26",55,8,0.00896534468449195,0.0102807695815633,0.00737430387401293,"sites",52.0672573232754,3.508,"midtide","Antartica"
"27",56,9,0.00836132971570223,0.00969598835318836,0.00721596372849637,"sites",48.5593718025452,1.262,"midtide","Antartica"
"28",57,10,0.00814399209994851,0.00961556572860033,0.0066633527707161,"sites",47.2971589190795,1.481,"midtide","Antartica"
"29",58,11,0.00788894360002203,0.00882045640302745,0.0066282737679962,"sites",45.8159357934859,2.548,"midtide","Antartica"
"30",59,12,0.00745026479165354,0.00867149487349047,0.00621860175782574,"sites",43.2682587993042,1.74,"midtide","Antartica"
"31",60,13,0.00715071298298286,0.00853034605700424,0.00581773449969928,"sites",41.5285776545637,1.85,"midtide","Antartica"
"32",61,14,0.00683216189508617,0.00802488487373135,0.00562787970594874,"sites",39.6785560382375,0.304,"midtide","Antartica"
"33",62,15,0.00677976445144752,0.00820699239782301,0.00582958581371772,"sites",39.3742519342653,2.12,"midtide","Antartica"
"34",63,16,0.0064147127503735,0.00742191422907859,0.00544734639371858,"sites",37.2541727264911,0.785,"midtide","Antartica"
"35",64,17,0.0062794881988155,0.00723801548787417,0.00526271148099179,"sites",36.4688407877678,0.856,"midtide","Antartica"
"36",65,18,0.00613203256500709,0.0070185100932699,0.00491261565737134,"sites",35.6124754499633,0.239,"midtide","Antartica"
"37",66,19,0.00609082035951615,0.00715629885424771,0.00494881690447251,"sites",35.3731308866842,1.131,"midtide","Antartica"
"38",67,20,0.00589612013463251,0.00689043926836891,0.00503423973088553,"sites",34.2423872213066,NA,"midtide","Antartica"
"39",97,2,0.0682777014292639,0.0738479671860848,0.0619507188829026,"sites",100,15.769,"lowtide","Antartica"
"40",98,3,0.0575110873354742,0.0608511158955717,0.0555698774623123,"sites",84.2311415463452,9.935,"lowtide","Antartica"
"41",99,4,0.0507280052967082,0.0540945022261034,0.0490609603620245,"sites",74.2965920568705,7.303,"lowtide","Antartica"
"42",100,5,0.0457418087438552,0.0477928013505769,0.043290694365877,"sites",66.9937736425471,4.963,"lowtide","Antartica"
"43",101,6,0.0423530652351329,0.0439241274539271,0.040341937843605,"sites",62.0305961515282,4.908,"lowtide","Antartica"
"44",102,7,0.0390020505575086,0.0403847563409474,0.0375156836703769,"sites",57.1226765709372,3.093,"lowtide","Antartica"
"45",103,8,0.0368899774623211,0.0383332535761478,0.0360004391433784,"sites",54.0293195144235,3.281,"lowtide","Antartica"
"46",104,9,0.0346495907499973,0.0358113369599172,0.0330999824673574,"sites",50.7480334350366,2.652,"lowtide","Antartica"
"47",105,10,0.0328387931042968,0.0339189945352245,0.0318841660695259,"sites",48.0959265131647,2.241,"lowtide","Antartica"
"48",106,11,0.0313090043006107,0.0323798502352095,0.0303362743650385,"sites",45.855387110603,1.647,"lowtide","Antartica"
"49",107,12,0.0301847937989234,0.0311797233038571,0.0291649334475065,"sites",44.2088605314212,1.859,"lowtide","Antartica"
"50",108,13,0.0289152906436505,0.0299473828033563,0.0282242310876063,"sites",42.3495373135942,1.528,"lowtide","Antartica"
"51",109,14,0.0278722260454863,0.0289900326271858,0.0268919210319823,"sites",40.8218575933785,1.34,"lowtide","Antartica"
"52",110,15,0.0269574815707838,0.0278652338146592,0.0258212872720111,"sites",39.482116425246,1.099,"lowtide","Antartica"
"53",111,16,0.0262070965436803,0.0269108978423921,0.0255423974523715,"sites",38.3830972558897,1.206,"lowtide","Antartica"
"54",112,17,0.0253834067878247,0.0262594578511705,0.0246967439787221,"sites",37.1767154670872,1.029,"lowtide","Antartica"
"55",113,18,0.0246811617344769,0.0254616720763272,0.0239868350807162,"sites",36.1482024406559,1.034,"lowtide","Antartica"
"56",114,19,0.0239752675073752,0.0247033626605452,0.0232571338583614,"sites",35.1143448087715,0.712,"lowtide","Antartica"
"57",115,20,0.0234889779210312,0.0243644667761146,0.0228160470997183,"sites",34.402121672719,NA,"lowtide","Antartica"
"58",1,2,0.145768337678433,0.158989769749137,0.134250682000406,"sites",100,13.343,"hightide","APA Costa das Algas"
"59",2,3,0.126318581124663,0.132780056612347,0.113567691723099,"sites",86.6570773437259,10.396,"hightide","APA Costa das Algas"
"60",3,4,0.111164146616778,0.117890338629366,0.10167949636354,"sites",76.2608316642866,7.634,"hightide","APA Costa das Algas"
"61",4,5,0.100036173249315,0.106661434944631,0.0927755393581789,"sites",68.6268189941194,5.839,"hightide","APA Costa das Algas"
"62",5,6,0.0915242977430965,0.0961388800156622,0.0854447311405101,"sites",62.7875018682044,4.621,"hightide","APA Costa das Algas"
"63",6,7,0.0847883373347903,0.0897451941412272,0.0790577066079339,"sites",58.1664980785023,3.639,"hightide","APA Costa das Algas"
"64",7,8,0.0794840289592297,0.0841510645775929,0.0740252959716961,"sites",54.5276362652723,2.971,"hightide","APA Costa das Algas"
"65",8,9,0.07515338770722,0.0793901003989888,0.0697409595885364,"sites",51.5567296054439,2.571,"hightide","APA Costa das Algas"
"66",9,10,0.0714054889029097,0.0755337698972902,0.0664565841368195,"sites",48.9855959395183,2.259,"hightide","APA Costa das Algas"
"67",10,11,0.0681132543891954,0.0722041827780176,0.0632475946247053,"sites",46.7270571058128,2.007,"hightide","APA Costa das Algas"
"68",11,12,0.0651878316018885,0.0689711241317583,0.0611118014373987,"sites",44.7201584652038,1.744,"hightide","APA Costa das Algas"
"69",12,13,0.0626457432651567,0.0661370724249448,0.0583913777950197,"sites",42.9762349374898,1.507,"hightide","APA Costa das Algas"
"70",13,14,0.0604487724570718,0.0638342052594591,0.0568632322631552,"sites",41.4690689485824,1.396,"hightide","APA Costa das Algas"
"71",14,15,0.0584137267332092,0.061530212907111,0.0546111609843015,"sites",40.0729868114918,1.33,"hightide","APA Costa das Algas"
"72",15,16,0.0564754020176267,0.059733355834371,0.0529802101590635,"sites",38.7432572238096,1.084,"hightide","APA Costa das Algas"
"73",16,17,0.0548945502746369,0.0579966290206575,0.051390645055325,"sites",37.6587612570126,1.084,"hightide","APA Costa das Algas"
"74",17,18,0.0533149167002221,0.0564608891692561,0.0499405403424395,"sites",36.5751009782629,0.984,"hightide","APA Costa das Algas"
"75",18,19,0.0518802215625565,0.0549230079612013,0.0485191579329809,"sites",35.5908713708494,0.866,"hightide","APA Costa das Algas"
"76",19,20,0.0506172599661249,0.0535271195576212,0.0476663451111625,"sites",34.7244544132673,NA,"hightide","APA Costa das Algas"
"77",49,2,0.0795540410315987,0.0849363678979068,0.0743062425696287,"sites",100,14.992,"midtide","APA Costa das Algas"
"78",50,3,0.0676273224276869,0.0706110949801641,0.0634459151578452,"sites",85.0080291971913,10.878,"midtide","APA Costa das Algas"
"79",51,4,0.0589730828999524,0.061736908104504,0.055285520821102,"sites",74.1295880576682,7.503,"midtide","APA Costa das Algas"
"80",52,5,0.0530040678594547,0.0558459481255354,0.0498121011652636,"sites",66.6264933523636,5.761,"midtide","APA Costa das Algas"
"81",53,6,0.0484206823585413,0.0515494091817746,0.0450673225457427,"sites",60.8651449136427,3.958,"midtide","APA Costa das Algas"
"82",54,7,0.0452718011328118,0.0473594029337041,0.0429653436840786,"sites",56.9069786345988,3.822,"midtide","APA Costa das Algas"
"83",55,8,0.0422315543475942,0.0446372018820677,0.0395821962621988,"sites",53.0853666262156,3.135,"midtide","APA Costa das Algas"
"84",56,9,0.0397374304059385,0.0419670913688795,0.0374624669989673,"sites",49.9502349480335,2.529,"midtide","APA Costa das Algas"
"85",57,10,0.0377258214712431,0.039774529964552,0.0352766854661647,"sites",47.4216280933592,2.021,"midtide","APA Costa das Algas"
"86",58,11,0.0361183604171283,0.0378829581810084,0.0345238667561478,"sites",45.4010380224207,1.853,"midtide","APA Costa das Algas"
"87",59,12,0.0346441838986846,0.0365273123960599,0.0330639109773104,"sites",43.5479875685059,1.83,"midtide","APA Costa das Algas"
"88",60,13,0.0331881706134061,0.0348489247112731,0.0314624396639571,"sites",41.7177684289147,1.475,"midtide","APA Costa das Algas"
"89",61,14,0.0320147180757823,0.0336800323090165,0.0301686056045641,"sites",40.24273017516,1.305,"midtide","APA Costa das Algas"
"90",62,15,0.0309762949122635,0.0324539036963104,0.02940124920688,"sites",38.9374248128512,1.202,"midtide","APA Costa das Algas"
"91",63,16,0.0300199066345876,0.0315737252077464,0.0285093942224765,"sites",37.7352378902584,1.114,"midtide","APA Costa das Algas"
"92",64,17,0.0291340668273964,0.0305412234565127,0.02739161308753,"sites",36.6217309009161,1.009,"midtide","APA Costa das Algas"
"93",65,18,0.0283311348445545,0.0296565459457371,0.0268725731804296,"sites",35.6124396412514,0.952,"midtide","APA Costa das Algas"
"94",66,19,0.0275741049828144,0.0289919926884184,0.0261337083891419,"sites",34.660847676942,0.924,"midtide","APA Costa das Algas"
"95",67,20,0.0268392959490357,0.0281289621827989,0.0253769158533644,"sites",33.7371874527093,NA,"midtide","APA Costa das Algas"
"96",97,2,0.112201147794436,0.119445637374403,0.105553249766178,"sites",100,16.156,"lowtide","APA Costa das Algas"
"97",98,3,0.0940743000386181,0.0980243616122777,0.0895316342580636,"sites",83.8443294813452,10.719,"lowtide","APA Costa das Algas"
"98",99,4,0.0820473061753898,0.0857717377944581,0.0778385059232168,"sites",73.125193269599,7.359,"lowtide","APA Costa das Algas"
"99",100,5,0.0737904243890809,0.076958876439679,0.0700665765901464,"sites",65.7661938755497,5.533,"lowtide","APA Costa das Algas"
"100",101,6,0.067581865333264,0.0703699203554366,0.0633760133263458,"sites",60.2327753875396,4.416,"lowtide","APA Costa das Algas"
"101",102,7,0.0626274029665233,0.0653465602282256,0.0595350638024528,"sites",55.8170786998214,3.611,"lowtide","APA Costa das Algas"
"102",103,8,0.058575329529711,0.0610929655650261,0.055688921158203,"sites",52.2056419930988,2.876,"lowtide","APA Costa das Algas"
"103",104,9,0.0553478757750438,0.0575876234875956,0.0519407189833522,"sites",49.3291529213647,2.559,"lowtide","APA Costa das Algas"
"104",105,10,0.0524763662297328,0.0548437961682177,0.0497987841169634,"sites",46.769901432626,2.225,"lowtide","APA Costa das Algas"
"105",106,11,0.0499796021849345,0.0519630351237142,0.0473793204885587,"sites",44.5446442994524,1.795,"lowtide","APA Costa das Algas"
"106",107,12,0.0479652999138094,0.0498850260878178,0.0456956034416241,"sites",42.749384348266,1.676,"lowtide","APA Costa das Algas"
"107",108,13,0.0460843774245245,0.04802891859523,0.0436863631344829,"sites",41.0729999919036,1.533,"lowtide","APA Costa das Algas"
"108",109,14,0.044364422923387,0.0461572616553533,0.0420931590091726,"sites",39.5400793979996,1.238,"lowtide","APA Costa das Algas"
"109",110,15,0.0429752374480078,0.0446294286396096,0.0409886308485417,"sites",38.3019588415823,1.247,"lowtide","APA Costa das Algas"
"110",111,16,0.0415766489261175,0.043230193713253,0.0395864252778113,"sites",37.055457759033,1.084,"lowtide","APA Costa das Algas"
"111",112,17,0.0403602875947736,0.0419765047506458,0.0384400429739267,"sites",35.9713678408333,1.013,"lowtide","APA Costa das Algas"
"112",113,18,0.0392241615530673,0.0408101737397157,0.037337793577185,"sites",34.9587881444225,0.948,"lowtide","APA Costa das Algas"
"113",114,19,0.0381600562525378,0.0397709403908655,0.0363882621526494,"sites",34.0103974002573,0.785,"lowtide","APA Costa das Algas"
"114",115,20,0.0372792564002211,0.0387331909335653,0.0354390754326092,"sites",33.2253788245736,NA,"lowtide","APA Costa das Algas"
"115",1,2,0.0662672118237357,0.0723241823285692,0.0606505919603699,"sites",100,15.133,"hightide","Arraial do Cabo"
"116",2,3,0.0562390446426131,0.061117303729607,0.051387833654005,"sites",84.8670754281974,10.194,"hightide","Arraial do Cabo"
"117",3,4,0.0494834776509713,0.0521868805044309,0.0465603670614503,"sites",74.672641701891,7.001,"hightide","Arraial do Cabo"
"118",4,5,0.0448442292696768,0.0481262136404182,0.0416103298043274,"sites",67.6718214566776,5.691,"hightide","Arraial do Cabo"
"119",5,6,0.0410731090178102,0.0444445967307265,0.0381452565324815,"sites",61.9810429433197,4.174,"hightide","Arraial do Cabo"
"120",6,7,0.0383071782050743,0.0401389802971974,0.0356043148881452,"sites",57.8071374226029,3.452,"hightide","Arraial do Cabo"
"121",7,8,0.036019608018377,0.038695440152898,0.0326806826680116,"sites",54.355098135388,3.377,"hightide","Arraial do Cabo"
"122",8,9,0.0337816250540849,0.0359224992935606,0.0310022912566861,"sites",50.9778880450572,2.468,"hightide","Arraial do Cabo"
"123",9,10,0.0321462154425304,0.0344799055193076,0.0299950219880306,"sites",48.5099863987581,2.118,"hightide","Arraial do Cabo"
"124",10,11,0.0307425841046357,0.0325664920388139,0.0282170222154005,"sites",46.3918478815858,1.809,"hightide","Arraial do Cabo"
"125",11,12,0.0295439556732807,0.0313959560130334,0.0272886703671803,"sites",44.5830673423605,1.889,"hightide","Arraial do Cabo"
"126",12,13,0.0282919857490108,0.0298160947677542,0.0263026427532543,"sites",42.6937922547046,1.446,"hightide","Arraial do Cabo"
"127",13,14,0.0273334576691796,0.0289565357816341,0.0252791074806318,"sites",41.2473332088936,1.309,"hightide","Arraial do Cabo"
"128",14,15,0.026466025370483,0.0279259334038045,0.0249462800659883,"sites",39.9383415147751,1.203,"hightide","Arraial do Cabo"
"129",15,16,0.0256685599155548,0.0271415554713799,0.0240298662824868,"sites",38.7349327203183,1.161,"hightide","Arraial do Cabo"
"130",16,17,0.0248990139512449,0.0261624893490817,0.0232061548785146,"sites",37.5736556073519,1.004,"hightide","Arraial do Cabo"
"131",17,18,0.0242339197919669,0.0255597372237969,0.0224402505578396,"sites",36.5700006459102,1.061,"hightide","Arraial do Cabo"
"132",18,19,0.0235309972426099,0.0248042713395368,0.0218937764134585,"sites",35.5092610583949,0.887,"hightide","Arraial do Cabo"
"133",19,20,0.0229433956674035,0.0244901281734691,0.0214039955240295,"sites",34.6225456541475,NA,"hightide","Arraial do Cabo"
"134",49,2,0.0346914284757366,0.0394436993182029,0.0303358186482735,"sites",100,14.316,"midtide","Arraial do Cabo"
"135",50,3,0.0297250522939136,0.0334821028978895,0.026944544049166,"sites",85.6841404345846,10.403,"midtide","Arraial do Cabo"
"136",51,4,0.0261162184535493,0.0288309907367515,0.0240047233602615,"sites",75.2814732659832,8.691,"midtide","Arraial do Cabo"
"137",52,5,0.0231012814176123,0.0254490332134297,0.0211226345407858,"sites",66.5907471459974,5.086,"midtide","Arraial do Cabo"
"138",53,6,0.0213369121933516,0.0243504657194666,0.0189855840242322,"sites",61.5048533048296,3.581,"midtide","Arraial do Cabo"
"139",54,7,0.020094471745769,0.0220586996698035,0.018214982858121,"sites",57.9234486115878,3.74,"midtide","Arraial do Cabo"
"140",55,8,0.0187969374277961,0.0205965899996224,0.0172833132644123,"sites",54.1832327283462,3.258,"midtide","Arraial do Cabo"
"141",56,9,0.0176666227837594,0.0189951426418849,0.0163600861601081,"sites",50.925036990378,2.563,"midtide","Arraial do Cabo"
"142",57,10,0.0167774272665839,0.0177870621170157,0.0154113233473828,"sites",48.3618807404201,1.745,"midtide","Arraial do Cabo"
"143",58,11,0.0161721690299999,0.0179433791267708,0.0146541116151844,"sites",46.6171897225589,2.024,"midtide","Arraial do Cabo"
"144",59,12,0.0154700888868798,0.0170143030133882,0.0145065001927384,"sites",44.5934040960571,1.829,"midtide","Arraial do Cabo"
"145",60,13,0.014835662050901,0.0163860989888425,0.013972925335856,"sites",42.7646329446397,1.461,"midtide","Arraial do Cabo"
"146",61,14,0.0143289853887646,0.0151113342168856,0.0130360166360886,"sites",41.3041088774605,1.473,"midtide","Arraial do Cabo"
"147",62,15,0.0138179243125081,0.0151192370810802,0.0125157228544786,"sites",39.8309464891954,1.158,"midtide","Arraial do Cabo"
"148",63,16,0.0134163097256336,0.0144660395773442,0.0121142040455216,"sites",38.6732697819495,0.958,"midtide","Arraial do Cabo"
"149",64,17,0.0130838000198222,0.0142858352800768,0.0119898655459923,"sites",37.7147917935207,1.19,"midtide","Arraial do Cabo"
"150",65,18,0.0126708004081181,0.0135056770185769,0.0117493364123717,"sites",36.5242971098182,0.944,"midtide","Arraial do Cabo"
"151",66,19,0.0123431426440854,0.0136420492839672,0.0111499430373992,"sites",35.5798051173313,0.758,"midtide","Arraial do Cabo"
"152",67,20,0.0120801506526118,0.0130347178048545,0.010911824461665,"sites",34.8217158629279,NA,"midtide","Arraial do Cabo"
"153",97,2,0.117988362595456,0.124231778791219,0.109715010912658,"sites",100,16.368,"lowtide","Arraial do Cabo"
"154",98,3,0.0986756587774201,0.106019045296565,0.0922983852694923,"sites",83.6316875722284,10.557,"lowtide","Arraial do Cabo"
"155",99,4,0.0862198614581956,0.090250294289582,0.0801644931091745,"sites",73.0748859985585,7.723,"lowtide","Arraial do Cabo"
"156",100,5,0.0771073740893344,0.0808873962258461,0.0727138630459472,"sites",65.3516773969568,5.429,"lowtide","Arraial do Cabo"
"157",101,6,0.0707017692988614,0.0748837079727647,0.0665080909592579,"sites",59.9226633403454,4.342,"lowtide","Arraial do Cabo"
"158",102,7,0.0655789676678322,0.0698978860087376,0.060715190808847,"sites",55.5808778300289,3.49,"lowtide","Arraial do Cabo"
"159",103,8,0.0614613652311198,0.0652210699175967,0.057323115432079,"sites",52.0910400645619,2.951,"lowtide","Arraial do Cabo"
"160",104,9,0.0579799082537765,0.0608696119291168,0.054569356840741,"sites",49.1403617936208,2.564,"lowtide","Arraial do Cabo"
"161",105,10,0.0549545481167989,0.0580873970729877,0.0514325884206853,"sites",46.5762443921865,2.132,"lowtide","Arraial do Cabo"
"162",106,11,0.0524387519863851,0.0557031321806558,0.0487397697182446,"sites",44.4440034871748,1.797,"lowtide","Arraial do Cabo"
"163",107,12,0.0503190821562142,0.0531166628933895,0.0472335320888235,"sites",42.6474959473265,1.601,"lowtide","Arraial do Cabo"
"164",108,13,0.0484303610892694,0.0512443478344389,0.0452329519465465,"sites",41.0467270024937,1.554,"lowtide","Arraial do Cabo"
"165",109,14,0.0465963068902235,0.0491491058803371,0.0436441098668087,"sites",39.4922904812121,1.272,"lowtide","Arraial do Cabo"
"166",110,15,0.0450951052362938,0.0477102618147385,0.0422604922562225,"sites",38.2199602098981,1.271,"lowtide","Arraial do Cabo"
"167",111,16,0.0435950324902182,0.046170045284206,0.0405600200137152,"sites",36.9485867345166,1.036,"lowtide","Arraial do Cabo"
"168",112,17,0.0423724965293823,0.0448346465363527,0.039812917192254,"sites",35.9124371228574,0.986,"lowtide","Arraial do Cabo"
"169",113,18,0.0412095740374662,0.0434835515579197,0.0388124533933435,"sites",34.9268123829808,0.965,"lowtide","Arraial do Cabo"
"170",114,19,0.0400706389634553,0.0422883940390266,0.0378924816001447,"sites",33.9615179683817,0.896,"lowtide","Arraial do Cabo"
"171",115,20,0.0390130957028306,0.0411618829242744,0.036685990838011,"sites",33.0652064700599,NA,"lowtide","Arraial do Cabo"
"172",1,2,0.091913248476442,0.100110576037105,0.0839012746926842,"sites",100,13.186,"hightide","Concepción"
"173",2,3,0.0797936858726048,0.0845108640790402,0.0734391728145938,"sites",86.8141287521314,10.891,"hightide","Concepción"
"174",3,4,0.0697838048701784,0.0741271831166639,0.0649763766476186,"sites",75.9235540326534,7.252,"hightide","Concepción"
"175",4,5,0.0631184845704573,0.0671696152191565,0.0586950593134184,"sites",68.6718026146524,5.564,"hightide","Concepción"
"176",5,6,0.0580040970615441,0.0618017438113109,0.0537639574511449,"sites",63.1074388328369,4.365,"hightide","Concepción"
"177",6,7,0.0539917086628593,0.0566026867048688,0.0505308095840845,"sites",58.7420307277005,4.197,"hightide","Concepción"
"178",7,8,0.0501341400456482,0.0535341703401094,0.0469072167776225,"sites",54.5450638255897,2.762,"hightide","Concepción"
"179",8,9,0.0475953663815025,0.0501915295541832,0.0445359985672006,"sites",51.7829226694142,2.384,"hightide","Concepción"
"180",9,10,0.0454040678916007,0.0481718941657034,0.0427873963493476,"sites",49.3988283998449,2.357,"hightide","Concepción"
"181",10,11,0.0432377378843704,0.0459500850882536,0.0407253649948659,"sites",47.0418994008818,1.995,"hightide","Concepción"
"182",11,12,0.0414044458431629,0.0439115036682636,0.0388305675865077,"sites",45.0473098595521,1.637,"hightide","Concepción"
"183",12,13,0.0398994330219047,0.0421536295524536,0.037794009067831,"sites",43.4098823437094,1.636,"hightide","Concepción"
"184",13,14,0.0383953627518221,0.0403756856177701,0.036471133985318,"sites",41.7734803069908,1.536,"hightide","Concepción"
"185",14,15,0.0369838750366439,0.0391444234684172,0.0350630815454885,"sites",40.2378064639105,1.088,"hightide","Concepción"
"186",15,16,0.0359837535675455,0.0377581435468302,0.0340718387330743,"sites",39.1496918714263,1.211,"hightide","Concepción"
"187",16,17,0.0348705959393021,0.0367687031739379,0.0327859347511531,"sites",37.9385959231325,1.007,"hightide","Concepción"
"188",17,18,0.0339447277189662,0.0358908969218822,0.0319552922377308,"sites",36.9312675611356,0.996,"hightide","Concepción"
"189",18,19,0.0330295118910722,0.0346680721234429,0.0312517115808649,"sites",35.9355288150194,0.853,"hightide","Concepción"
"190",19,20,0.0322457961343291,0.033887993046072,0.0304835538272583,"sites",35.0828598366795,NA,"hightide","Concepción"
"191",49,2,0.132919746031751,0.142718463451725,0.123062660258057,"sites",100,15.748,"midtide","Concepción"
"192",50,3,0.111986930677646,0.120798838206215,0.101873737392506,"sites",84.2515382559453,10.246,"midtide","Concepción"
"193",51,4,0.0983681297901862,0.103688104468513,0.0917662657052749,"sites",74.0056558388914,7.513,"midtide","Concepción"
"194",52,5,0.0883813389265874,0.0936604998080846,0.0838927320915507,"sites",66.4922568430693,5.69,"midtide","Concepción"
"195",53,6,0.0808187407694869,0.0860160696948796,0.075041772058602,"sites",60.802659636576,4.387,"midtide","Concepción"
"196",54,7,0.0749878640019866,0.0792587586070541,0.070557485618063,"sites",56.4158947340104,3.545,"midtide","Concepción"
"197",55,8,0.0702753741857514,0.0740615461235761,0.0658539360711422,"sites",52.8705299880459,3.049,"midtide","Concepción"
"198",56,9,0.0662232461673378,0.0701227518020864,0.062096278799185,"sites",49.8219776552378,2.481,"midtide","Concepción"
"199",57,10,0.0629260518639252,0.0668523761633314,0.0582430448751313,"sites",47.3413873728692,2.222,"midtide","Concepción"
"200",58,11,0.0599728083566424,0.0638524205416001,0.0557004102972484,"sites",45.119562854353,1.768,"midtide","Concepción"
"201",59,12,0.057623448573875,0.0608754923132376,0.0536233648677716,"sites",43.352060392976,1.765,"midtide","Concepción"
"202",60,13,0.0552779738065672,0.0588082015695495,0.0514121857904207,"sites",41.5874807595274,1.393,"midtide","Concepción"
"203",61,14,0.0534266159334215,0.0566914375335224,0.050102975159544,"sites",40.1946419011809,1.489,"midtide","Concepción"
"204",62,15,0.0514470930659846,0.0545476369269033,0.0478789949607785,"sites",38.7053802026489,1.185,"midtide","Concepción"
"205",63,16,0.0498717549346698,0.0528214493786903,0.0468457638805611,"sites",37.5202002889448,1.08,"midtide","Concepción"
"206",64,17,0.0484362276199412,0.0512258377042922,0.0451439769865422,"sites",36.4402047596232,0.985,"midtide","Concepción"
"207",65,18,0.0471270016589934,0.0497405180614088,0.0442993590636846,"sites",35.4552299909872,0.98,"midtide","Concepción"
"208",66,19,0.0458248412580196,0.0485465551396806,0.0430603859514201,"sites",34.4755708809985,0.919,"midtide","Concepción"
"209",67,20,0.0446037943652446,0.0473663124579337,0.0416599177751469,"sites",33.5569361941076,NA,"midtide","Concepción"
"210",97,2,0.140302902604008,0.150149592061757,0.1275622985051,"sites",100,15.941,"lowtide","Concepción"
"211",98,3,0.117937293644737,0.125335660858156,0.108806792395721,"sites",84.0590546993915,10.329,"lowtide","Concepción"
"212",99,4,0.103444920361062,0.108677721971763,0.0963930382121269,"sites",73.7297079683559,7.785,"lowtide","Concepción"
"213",100,5,0.0925221856200168,0.0980294349282477,0.0851893324736828,"sites",65.9445983673996,5.938,"lowtide","Concepción"
"214",101,6,0.0841912519134439,0.0887885082106752,0.0790760381987863,"sites",60.0067784421154,4.071,"lowtide","Concepción"
"215",102,7,0.0784793119749055,0.0825967475173087,0.0724612437599644,"sites",55.9356296401125,3.428,"lowtide","Concepción"
"216",103,8,0.0736700723757902,0.077572346634172,0.0687359950047396,"sites",52.507874754179,3.158,"lowtide","Concepción"
"217",104,9,0.0692396821780921,0.073064201548218,0.0640989170551828,"sites",49.3501423655609,2.408,"lowtide","Concepción"
"218",105,10,0.0658606289986867,0.0692409053184972,0.0612249137722489,"sites",46.9417437389534,2.27,"lowtide","Concepción"
"219",106,11,0.0626757379612199,0.0660111449591832,0.0588127269111062,"sites",44.6717329420593,1.825,"lowtide","Concepción"
"220",107,12,0.0601157696140781,0.0631363889930081,0.0561470541862817,"sites",42.8471318114846,1.576,"lowtide","Concepción"
"221",108,13,0.0579052929868774,0.0612235344332562,0.0543763895720569,"sites",41.2716286777828,1.602,"lowtide","Concepción"
"222",109,14,0.055658194021634,0.0586060706338874,0.051744397331222,"sites",39.6700232059519,1.332,"lowtide","Concepción"
"223",110,15,0.0537892728147317,0.0566633776336332,0.0503492877458972,"sites",38.3379615221127,1.163,"lowtide","Concepción"
"224",111,16,0.0521571773831031,0.0550577865236973,0.0486947169038452,"sites",37.1746959008482,1.146,"lowtide","Concepción"
"225",112,17,0.0505492021223515,0.0533273102119616,0.0470886059835151,"sites",36.0286217777134,1.017,"lowtide","Concepción"
"226",113,18,0.0491228061146562,0.0518788937582088,0.0457966188806889,"sites",35.0119671104032,0.876,"lowtide","Concepción"
"227",114,19,0.0478934108063772,0.0504680845106215,0.0446334964910582,"sites",34.1357234365649,0.933,"lowtide","Concepción"
"228",115,20,0.0465840796705426,0.0491456586615161,0.043606816729722,"sites",33.2025060108856,NA,"lowtide","Concepción"
"229",1,2,0.186611404723165,0.202631821993892,0.166634563919316,"sites",100,14.148,"hightide","Fernando de Noronha"
"230",2,3,0.160209252735589,0.171992071144991,0.141941311464872,"sites",85.851801487298,10.285,"hightide","Fernando de Noronha"
"231",3,4,0.141015658153167,0.150251249680642,0.125230031312651,"sites",75.5664737438541,7.647,"hightide","Fernando de Noronha"
"232",4,5,0.126746306701782,0.135253723310726,0.113314919129875,"sites",67.9199145892548,5.765,"hightide","Fernando de Noronha"
"233",5,6,0.115988830425708,0.124163270063156,0.103021711429211,"sites",62.1552742704959,4.417,"hightide","Fernando de Noronha"
"234",6,7,0.107746607204263,0.11491052060574,0.0963060620542124,"sites",57.7384899728417,3.793,"hightide","Fernando de Noronha"
"235",7,8,0.10066853046346,0.107838784879898,0.090156947376738,"sites",53.9455402593429,2.851,"hightide","Fernando de Noronha"
"236",8,9,0.0953480295450847,0.101774332232185,0.0847792672069952,"sites",51.0944278494298,2.702,"hightide","Fernando de Noronha"
"237",9,10,0.0903066383764953,0.0962956944206678,0.0811323232229622,"sites",48.3928827985964,2.301,"hightide","Fernando de Noronha"
"238",10,11,0.086012166744361,0.0917361731226626,0.0765606768687842,"sites",46.0915917073551,1.931,"hightide","Fernando de Noronha"
"239",11,12,0.0824088800025557,0.0878738972759803,0.0737160757080603,"sites",44.1606878876498,1.717,"hightide","Fernando de Noronha"
"240",12,13,0.0792052596320773,0.0845809948657983,0.0712782101012724,"sites",42.4439544568979,1.523,"hightide","Fernando de Noronha"
"241",13,14,0.0763636805449821,0.0813442818046954,0.0683413933669554,"sites",40.9212291490258,1.377,"hightide","Fernando de Noronha"
"242",14,15,0.0737947300302713,0.0788137011985467,0.0659978907162256,"sites",39.5445981127171,1.249,"hightide","Fernando de Noronha"
"243",15,16,0.0714647318800511,0.075978493629523,0.0643273755386031,"sites",38.2960151798161,1.135,"hightide","Fernando de Noronha"
"244",16,17,0.0693462199929753,0.073874333856307,0.0620086650423902,"sites",37.1607620101512,1.038,"hightide","Fernando de Noronha"
"245",17,18,0.0674087066900134,0.0718077630345652,0.0603599059527279,"sites",36.1225010818676,0.928,"hightide","Fernando de Noronha"
"246",18,19,0.0656777167354815,0.0700236715378636,0.0589414662307672,"sites",35.1949104251766,0.924,"hightide","Fernando de Noronha"
"247",19,20,0.0639541970000514,0.0680744047517838,0.0575067854172959,"sites",34.2713228566746,NA,"hightide","Fernando de Noronha"
"248",49,2,0.212410890653855,0.226701229762022,0.199199814454186,"sites",100,15.199,"midtide","Fernando de Noronha"
"249",50,3,0.180126839763912,0.189626859373677,0.170044288748536,"sites",84.8011319991337,10.715,"midtide","Fernando de Noronha"
"250",51,4,0.157367765937925,0.165517898110791,0.148377530076829,"sites",74.0864865513753,7.459,"midtide","Fernando de Noronha"
"251",52,5,0.141523157135571,0.148338553376781,0.137245267232031,"sites",66.6270720394452,5.704,"midtide","Fernando de Noronha"
"252",53,6,0.129406998250274,0.135475936286362,0.124945842607542,"sites",60.9229582588377,4.376,"midtide","Fernando de Noronha"
"253",54,7,0.120112109188831,0.125812922032877,0.11531548272178,"sites",56.5470578363918,3.631,"midtide","Fernando de Noronha"
"254",55,8,0.112400515401565,0.118151448000061,0.108688649725182,"sites",52.9165501145293,3.025,"midtide","Fernando de Noronha"
"255",56,9,0.105975928561746,0.110762270097509,0.101436798294218,"sites",49.891946799679,2.566,"midtide","Fernando de Noronha"
"256",57,10,0.100524461039355,0.105056785726674,0.0969051211134225,"sites",47.325474098769,2.147,"midtide","Fernando de Noronha"
"257",58,11,0.095963822733781,0.100219570346473,0.0925151088069184,"sites",45.1783910129936,1.947,"midtide","Fernando de Noronha"
"258",59,12,0.0918291593729302,0.0959210374671645,0.088355070831449,"sites",43.2318508200104,1.648,"midtide","Fernando de Noronha"
"259",60,13,0.0883285731098675,0.0921808457021723,0.0847357685781097,"sites",41.5838250279773,1.535,"midtide","Fernando de Noronha"
"260",61,14,0.0850681034259844,0.08897925488221,0.0819878853377719,"sites",40.0488426766268,1.361,"midtide","Fernando de Noronha"
"261",62,15,0.0821771372154256,0.0863471117945783,0.0788250140024049,"sites",38.6878172594933,1.22,"midtide","Fernando de Noronha"
"262",63,16,0.0795847627444058,0.0832319238547463,0.0763618872296346,"sites",37.4673645496346,1.107,"midtide","Fernando de Noronha"
"263",64,17,0.0772335409257722,0.0807951135452209,0.0743836799497933,"sites",36.3604430488604,0.998,"midtide","Fernando de Noronha"
"264",65,18,0.0751147190752338,0.0784688005771386,0.0723755673107608,"sites",35.3629321189753,0.977,"midtide","Fernando de Noronha"
"265",66,19,0.0730387955832208,0.0764036248842607,0.0705555795538979,"sites",34.3856171208494,0.841,"midtide","Fernando de Noronha"
"266",67,20,0.0712522062733545,0.0743638317251844,0.0685950489105004,"sites",33.5445165047903,NA,"midtide","Fernando de Noronha"
"267",97,2,0.214229135697357,0.22799512976657,0.194929176288132,"sites",100,17.088,"lowtide","Fernando de Noronha"
"268",98,3,0.177620866961558,0.18885124349003,0.161633087277886,"sites",82.9116293558147,10.547,"lowtide","Fernando de Noronha"
"269",99,4,0.155025318130838,0.164589763252466,0.142980249454448,"sites",72.3642550422476,7.385,"lowtide","Fernando de Noronha"
"270",100,5,0.139204347490567,0.147568580859148,0.127797885419996,"sites",64.9791855050107,5.676,"lowtide","Fernando de Noronha"
"271",101,6,0.127045238415945,0.133288869632242,0.116085003706102,"sites",59.3034360160153,4.137,"lowtide","Fernando de Noronha"
"272",102,7,0.11818181054005,0.124929970478797,0.108064187971502,"sites",55.1660772729844,3.666,"lowtide","Fernando de Noronha"
"273",103,8,0.110328588123535,0.116163444430729,0.101658593728765,"sites",51.5002722502683,2.75,"lowtide","Fernando de Noronha"
"274",104,9,0.104437126074661,0.110267130568035,0.0965771906696463,"sites",48.7501971824226,2.586,"lowtide","Fernando de Noronha"
"275",105,10,0.0988963490760221,0.104395148718612,0.090591298459641,"sites",46.1638183592981,2.145,"lowtide","Fernando de Noronha"
"276",106,11,0.0943004805696305,0.0996482664252103,0.086463996025639,"sites",44.0185132907643,1.764,"lowtide","Fernando de Noronha"
"277",107,12,0.0905225405914304,0.0954036647806839,0.0838791905577669,"sites",42.2550090102181,1.724,"lowtide","Fernando de Noronha"
"278",108,13,0.0868282279896027,0.0915362155670073,0.0794971138466464,"sites",40.5305411455637,1.389,"lowtide","Fernando de Noronha"
"279",109,14,0.0838516496617536,0.0883979599210029,0.077409373393047,"sites",39.1411044015094,1.413,"lowtide","Fernando de Noronha"
"280",110,15,0.0808240100974596,0.0852961569968511,0.0741720430966073,"sites",37.7278327872453,1.173,"lowtide","Fernando de Noronha"
"281",111,16,0.0783107135683354,0.0824356060975509,0.0721198587373692,"sites",36.5546513145465,1.036,"lowtide","Fernando de Noronha"
"282",112,17,0.0760915233228378,0.0800645099724608,0.0700999789788391,"sites",35.5187556889241,1.023,"lowtide","Fernando de Noronha"
"283",113,18,0.0739006650273178,0.077747328007727,0.0681516804939857,"sites",34.4960851318179,0.902,"lowtide","Fernando de Noronha"
"284",114,19,0.0719673647792317,0.0758207208482367,0.0663723233146408,"sites",33.5936400737296,0.838,"lowtide","Fernando de Noronha"
"285",115,20,0.0701717610187434,0.0739345458975312,0.0647340592590934,"sites",32.7554703473554,NA,"lowtide","Fernando de Noronha"
"286",1,2,0.005502002446785,0.00631114778515985,0.00440469892601349,"sites",100,20.267,"hightide","Isla Gorgona"
"287",2,3,0.00438693047600776,0.00545923510860657,0.00367525334762739,"sites",79.7333428772135,15.442,"hightide","Isla Gorgona"
"288",3,4,0.00353728907122571,0.00430874008231941,0.00296181507278163,"sites",64.2909396249482,7.405,"hightide","Isla Gorgona"
"289",4,5,0.00312983999433902,0.00386895065795556,0.00253003460632136,"sites",56.8854707828764,6.853,"hightide","Isla Gorgona"
"290",5,6,0.00275280289872471,0.00339383429462017,0.00234173055836946,"sites",50.0327458111776,5.064,"hightide","Isla Gorgona"
"291",6,7,0.00247418512796189,0.0029828758556337,0.0019699666064308,"sites",44.9688118442702,2.942,"hightide","Isla Gorgona"
"292",7,8,0.00231232667516715,0.00266562277846664,0.00195817367889807,"sites",42.0270019421442,4.365,"hightide","Isla Gorgona"
"293",8,9,0.00207216399572686,0.00245049004345569,0.00166930640376627,"sites",37.6619969868915,3.353,"hightide","Isla Gorgona"
"294",9,10,0.00188769150227902,0.00243665859496415,0.00147922390577846,"sites",34.3091723520054,1.253,"hightide","Isla Gorgona"
"295",10,11,0.00181874561433847,0.0022154462794049,0.00154562103066459,"sites",33.0560669852341,2.319,"hightide","Isla Gorgona"
"296",11,12,0.00169113268279051,0.00198485593796567,0.00147238082107142,"sites",30.7366763127976,0.848,"hightide","Isla Gorgona"
"297",12,13,0.00164445191435985,0.00198800375609885,0.00123170271994359,"sites",29.888243966899,2.253,"hightide","Isla Gorgona"
"298",13,14,0.00152050113325192,0.00175191156762553,0.00125992709985665,"sites",27.6354136145542,0.138,"hightide","Isla Gorgona"
"299",14,15,0.00152810787643941,0.00195383754928489,0.00117351917564601,"sites",27.7736677004266,1.596,"hightide","Isla Gorgona"
"300",15,16,0.00144028575575681,0.00178971581774463,0.00120387550363462,"sites",26.1774830107248,1.457,"hightide","Isla Gorgona"
"301",16,17,0.00136010151756038,0.00163136550005025,0.0010848015219558,"sites",24.7201183699061,2.165,"hightide","Isla Gorgona"
"302",17,18,0.00124100713660155,0.00148447243628034,0.000975022842827695,"sites",22.5555540660785,0.515,"hightide","Isla Gorgona"
"303",18,19,0.00126936714006334,0.0016043568032178,0.00100829194396056,"sites",23.0710028274356,0.572,"hightide","Isla Gorgona"
"304",19,20,0.00123787176893686,0.00155003067868331,0.00101517977273741,"sites",22.4985681287762,NA,"hightide","Isla Gorgona"
"305",49,2,0.0483918430281417,0.0604276323290715,0.0300373129853531,"sites",100,6.351,"midtide","Isla Gorgona"
"306",50,3,0.0453186564498883,0.0574242360219769,0.0259699583148824,"sites",93.6493706667336,9.827,"midtide","Isla Gorgona"
"307",51,4,0.0405631725674378,0.0497521440029282,0.0262292760699172,"sites",83.8223345695859,6.434,"midtide","Isla Gorgona"
"308",52,5,0.0374495844455648,0.0448531974512065,0.0245074556377693,"sites",77.3882169021469,4.797,"midtide","Isla Gorgona"
"309",53,6,0.0351284633076441,0.0417453207778958,0.0220178696504825,"sites",72.5917037034847,4.499,"midtide","Isla Gorgona"
"310",54,7,0.0329513082493056,0.0384816461352627,0.0216326885848281,"sites",68.0926912210041,4.317,"midtide","Isla Gorgona"
"311",55,8,0.0308623493415212,0.0362674071232575,0.0205328823055622,"sites",63.7759329058278,3.532,"midtide","Isla Gorgona"
"312",56,9,0.029153034135131,0.0338108633000208,0.019069425676131,"sites",60.2436946205528,2.469,"midtide","Isla Gorgona"
"313",57,10,0.0279580133644823,0.0325946891599602,0.0186602872128429,"sites",57.7742272560763,2.443,"midtide","Isla Gorgona"
"314",58,11,0.0267758646139924,0.0307533767406284,0.0183283152139898,"sites",55.3313594574632,2.192,"midtide","Isla Gorgona"
"315",59,12,0.0257149639146001,0.0296124550301557,0.0174645180977647,"sites",53.1390463877267,1.876,"midtide","Isla Gorgona"
"316",60,13,0.0248069080274914,0.0286444677643195,0.0172531290559005,"sites",51.2625816153877,1.708,"midtide","Isla Gorgona"
"317",61,14,0.0239805596298681,0.0275588380220774,0.0167709469631456,"sites",49.5549624260487,1.813,"midtide","Isla Gorgona"
"318",62,15,0.0231034192141119,0.0264988061737149,0.0160568467209913,"sites",47.7423833613372,1.437,"midtide","Isla Gorgona"
"319",63,16,0.0224078951641132,0.0255842888728136,0.0155829475712804,"sites",46.3051079726023,1.29,"midtide","Isla Gorgona"
"320",64,17,0.0217837206291201,0.0247925944496702,0.0156220859742246,"sites",45.0152737858156,1.283,"midtide","Isla Gorgona"
"321",65,18,0.0211629682790641,0.024264574659525,0.0149765313810953,"sites",43.7325114208959,1.117,"midtide","Isla Gorgona"
"322",66,19,0.0206225698726137,0.0235115253937313,0.0145502788002595,"sites",42.6157975851859,1.127,"midtide","Isla Gorgona"
"323",67,20,0.0200770858766496,0.0228749802594583,0.0140857873485077,"sites",41.4885745619856,NA,"midtide","Isla Gorgona"
"324",97,2,0.0735047961040509,0.0785580217190365,0.0648464614375409,"sites",100,15.669,"lowtide","Isla Gorgona"
"325",98,3,0.0619871282085663,0.065736993113556,0.0568586194429526,"sites",84.3307260125168,10.422,"lowtide","Isla Gorgona"
"326",99,4,0.0543262913278554,0.056883022213615,0.0502973803393261,"sites",73.9084987746282,7.57,"lowtide","Isla Gorgona"
"327",100,5,0.0487621420245914,0.0511554127421658,0.0452671489075656,"sites",66.3387215652778,5.192,"lowtide","Isla Gorgona"
"328",101,6,0.0449457842119399,0.0473761512839741,0.0417031440600715,"sites",61.1467368038355,4.704,"lowtide","Isla Gorgona"
"329",102,7,0.0414877660193399,0.0437960028872884,0.0381052972257469,"sites",56.4422571291963,3.295,"lowtide","Isla Gorgona"
"330",103,8,0.0390658189203838,0.0410640694975162,0.0366358520363035,"sites",53.1473060139961,2.882,"lowtide","Isla Gorgona"
"331",104,9,0.0369476452459192,0.0388704409216567,0.0340028352111823,"sites",50.2656251078057,2.543,"lowtide","Isla Gorgona"
"332",105,10,0.0350784056834147,0.0369225177317327,0.0326583054607805,"sites",47.7226079693616,2.2,"lowtide","Isla Gorgona"
"333",106,11,0.0334612616191454,0.0350563067787858,0.0314013314003834,"sites",45.5225555238311,2.022,"lowtide","Isla Gorgona"
"334",107,12,0.0319751724480282,0.0333546011933101,0.0299608967246978,"sites",43.500797421117,1.759,"lowtide","Isla Gorgona"
"335",108,13,0.0306819935105856,0.0321509654547016,0.0284243663925589,"sites",41.7414850959565,1.442,"lowtide","Isla Gorgona"
"336",109,14,0.0296219883745829,0.031220037844512,0.0279005006249776,"sites",40.2993953383002,1.39,"lowtide","Isla Gorgona"
"337",110,15,0.0286006070844447,0.0300030608625721,0.026664550234142,"sites",38.9098516020079,1.182,"lowtide","Isla Gorgona"
"338",111,16,0.0277315524375975,0.0289040115892853,0.0257403091025283,"sites",37.727541476806,1.001,"lowtide","Isla Gorgona"
"339",112,17,0.0269956238226533,0.0282314821020095,0.0255279389121926,"sites",36.7263433864087,0.98,"lowtide","Isla Gorgona"
"340",113,18,0.0262749475496179,0.0274360113968553,0.0245742050502536,"sites",35.7458954275908,1.071,"lowtide","Isla Gorgona"
"341",114,19,0.0254876273709334,0.0266147435083874,0.0239531556313699,"sites",34.6747814045413,0.859,"lowtide","Isla Gorgona"
"342",115,20,0.0248560480758664,0.0261019279041589,0.0230839863761835,"sites",33.8155459144204,NA,"lowtide","Isla Gorgona"
"343",1,2,0.215337185747369,0.234309327914576,0.201570210653847,"sites",100,17.165,"hightide","Maine"
"344",2,3,0.178375505189459,0.190381508775981,0.166758111343263,"sites",82.83543994985,10.568,"hightide","Maine"
"345",3,4,0.155619126922919,0.165872576653956,0.146020146854429,"sites",72.267651489367,7.56,"hightide","Maine"
"346",4,5,0.139339591299401,0.14883122035072,0.130989953816568,"sites",64.7076308793564,5.426,"hightide","Maine"
"347",5,6,0.127655723604727,0.138151767832035,0.119004334278385,"sites",59.2817832004598,4.222,"hightide","Maine"
"348",6,7,0.118563897337273,0.127368517682791,0.110594912579654,"sites",55.0596483955032,3.542,"hightide","Maine"
"349",7,8,0.110937642493176,0.119523196265922,0.10396858064792,"sites",51.5181073385656,3.024,"hightide","Maine"
"350",8,9,0.104425528860694,0.111887241587393,0.097821413164376,"sites",48.4939600646613,2.373,"hightide","Maine"
"351",9,10,0.0993160039268148,0.106366107563293,0.0927171423709885,"sites",46.1211581186592,2.204,"hightide","Maine"
"352",10,11,0.0945697916784927,0.101549831426573,0.0881970304343977,"sites",43.9170742156169,1.883,"hightide","Maine"
"353",11,12,0.0905148566685306,0.0970467653241452,0.0844601192621758,"sites",42.0340111506434,1.529,"hightide","Maine"
"354",12,13,0.0872219008694301,0.0935877358967064,0.0814994691929036,"sites",40.5048020696982,1.458,"hightide","Maine"
"355",13,14,0.0840824012363119,0.0900316353211273,0.0785404601706867,"sites",39.0468561871875,1.361,"hightide","Maine"
"356",14,15,0.0811524736363904,0.0869673751409357,0.0757334494806351,"sites",37.6862330371483,1.176,"hightide","Maine"
"357",15,16,0.0786197880626027,0.0846699507404796,0.0732900182993643,"sites",36.5100843078903,1.096,"hightide","Maine"
"358",16,17,0.0762599927268145,0.0817303972925939,0.0714594828918426,"sites",35.4142237264501,1.039,"hightide","Maine"
"359",17,18,0.074022490382154,0.0792097382625489,0.0692065092396023,"sites",34.3751545397256,0.874,"hightide","Maine"
"360",18,19,0.0721407539640314,0.0773672902378256,0.0676101582679116,"sites",33.501298771809,0.883,"hightide","Maine"
"361",19,20,0.0702389769578342,0.0752346868015645,0.0657499266098856,"sites",32.6181363957444,NA,"hightide","Maine"
"362",49,2,0.21638760768502,0.233473570008516,0.203586005680678,"sites",100,16.08,"midtide","Maine"
"363",50,3,0.181592990706592,0.193627623392731,0.171159921817384,"sites",83.9202358440622,10.93,"midtide","Maine"
"364",51,4,0.157940820502442,0.17025040337719,0.148486876693029,"sites",72.9897715456725,7.485,"midtide","Maine"
"365",52,5,0.14174510673036,0.152124948855988,0.133166905983003,"sites",65.5051868481713,5.569,"midtide","Maine"
"366",53,6,0.129694202188953,0.139655217095526,0.122780395956395,"sites",59.9360580656448,4.274,"midtide","Maine"
"367",54,7,0.120446710528185,0.130288544927123,0.114136030960215,"sites",55.6624807754753,3.645,"midtide","Maine"
"368",55,8,0.11256026587987,0.121303259971133,0.105767598779822,"sites",52.0178891407293,2.797,"midtide","Maine"
"369",56,9,0.106507741964481,0.114464297442379,0.100466029841686,"sites",49.220814030865,2.493,"midtide","Maine"
"370",57,10,0.101114170216338,0.109045455229683,0.0956276039724435,"sites",46.7282629065905,2.191,"midtide","Maine"
"371",58,11,0.0963728836175465,0.103790698297661,0.0910807338100974,"sites",44.5371547144372,1.889,"midtide","Maine"
"372",59,12,0.0922858850600666,0.0989292277834298,0.0871504871857622,"sites",42.6484150582231,1.744,"midtide","Maine"
"373",60,13,0.0885118842473862,0.0952511326819366,0.083811287017195,"sites",40.9043221995535,1.444,"midtide","Maine"
"374",61,14,0.0853882127637566,0.092044189069802,0.0808204934829673,"sites",39.4607684225847,1.282,"midtide","Maine"
"375",62,15,0.082613800311999,0.0888363121510371,0.0782332782957082,"sites",38.1786190049544,1.275,"midtide","Maine"
"376",63,16,0.0798555090373997,0.0856794618982924,0.0754380950203827,"sites",36.9039197261425,1.061,"midtide","Maine"
"377",64,17,0.0775590629337341,0.0833071089781581,0.0735751778876823,"sites",35.8426546526784,1.012,"midtide","Maine"
"378",65,18,0.0753693709245593,0.0811848857751415,0.0713261870410185,"sites",34.8307242410431,0.929,"midtide","Maine"
"379",66,19,0.073358414503573,0.0790665670434195,0.0690916856425507,"sites",33.90139356333,0.843,"midtide","Maine"
"380",67,20,0.0715340673311583,0.0771455341405901,0.0673769537103135,"sites",33.0583013031344,NA,"midtide","Maine"
"381",1,2,0.129543189317281,0.13853040190154,0.117541689508977,"sites",100,13.258,"hightide","Massachusetts"
"382",2,3,0.112367839387553,0.116994170791045,0.104894654979077,"sites",86.741603306013,10.867,"hightide","Massachusetts"
"383",3,4,0.0982900314160401,0.100737264435873,0.0943775926880035,"sites",75.8743334435789,7.767,"hightide","Massachusetts"
"384",4,5,0.0882279229879643,0.0900731984053492,0.0855662687141964,"sites",68.1069560298336,5.711,"hightide","Massachusetts"
"385",5,6,0.0808296233503374,0.083104365872971,0.0773082469836347,"sites",62.395888024933,4.559,"hightide","Massachusetts"
"386",6,7,0.0749234237883264,0.0767827525197083,0.0721001667118682,"sites",57.836636710265,3.594,"hightide","Massachusetts"
"387",7,8,0.0702677750228175,0.072089005457763,0.0673679463374684,"sites",54.2427397327048,3.051,"hightide","Massachusetts"
"388",8,9,0.0663159942012448,0.0679421638051775,0.0639393227567727,"sites",51.1921889145573,2.679,"hightide","Massachusetts"
"389",9,10,0.0628457305287564,0.0644064157143569,0.0599819338669412,"sites",48.5133420444304,2.205,"hightide","Massachusetts"
"390",10,11,0.0599899470680183,0.061470123167415,0.0576003828398609,"sites",46.3088390707206,2.016,"hightide","Massachusetts"
"391",11,12,0.0573779522530995,0.0586645819733634,0.0553223581336045,"sites",44.2925271143109,1.705,"hightide","Massachusetts"
"392",12,13,0.055169529689352,0.0564547882247862,0.0531732136795116,"sites",42.5877500624362,1.52,"hightide","Massachusetts"
"393",13,14,0.0532004800438267,0.054518013098608,0.0513530037492833,"sites",41.0677553364282,1.343,"hightide","Massachusetts"
"394",14,15,0.0514609778165037,0.0526274093924889,0.0495245120472143,"sites",39.7249582071537,1.273,"hightide","Massachusetts"
"395",15,16,0.0498120559204194,0.0509856226129043,0.0479957973444288,"sites",38.4520839597506,1.153,"hightide","Massachusetts"
"396",16,17,0.0483189258078463,0.0494124924053347,0.0465023825814791,"sites",37.2994721393669,1.092,"hightide","Massachusetts"
"397",17,18,0.0469047250172767,0.0479475811340409,0.0451621193095509,"sites",36.2077892820721,0.954,"hightide","Massachusetts"
"398",18,19,0.0456692117776272,0.0466744528071276,0.043987477944746,"sites",35.254043086567,0.85,"hightide","Massachusetts"
"399",19,20,0.0445675012118148,0.045577100641148,0.0429199028785067,"sites",34.4035849716954,NA,"hightide","Massachusetts"
"400",49,2,0.0525570324488991,0.0557620900952625,0.0486305626274257,"sites",100,13.932,"midtide","Massachusetts"
"401",50,3,0.045234743584793,0.0480185852281673,0.0411583481647636,"sites",86.0679179875205,9.27,"midtide","Massachusetts"
"402",51,4,0.0403625903779225,0.0424035878400933,0.0364631838196862,"sites",76.7976967062719,7.698,"midtide","Massachusetts"
"403",52,5,0.0363165726644962,0.0376638172376301,0.0345022929772186,"sites",69.0993592528395,5.792,"midtide","Massachusetts"
"404",53,6,0.0332726248120856,0.0347927743702318,0.0317317954740929,"sites",63.3076550591709,4.839,"midtide","Massachusetts"
"405",54,7,0.0307292115530304,0.0318294743320512,0.0290363564802539,"sites",58.4683155064134,3.373,"midtide","Massachusetts"
"406",55,8,0.0289562183502118,0.0301528559921754,0.0271454064157946,"sites",55.0948503007009,2.843,"midtide","Massachusetts"
"407",56,9,0.0274620474398771,0.0285672476575875,0.0259593685716041,"sites",52.2518988616381,2.875,"midtide","Massachusetts"
"408",57,10,0.0259510319894565,0.0266260671298577,0.0242773168287566,"sites",49.3768974012917,2.198,"midtide","Massachusetts"
"409",58,11,0.0247959337012329,0.025668751846332,0.023127055345922,"sites",47.1790977265352,1.966,"midtide","Massachusetts"
"410",59,12,0.0237624886399223,0.0246291023326087,0.0221794791805662,"sites",45.2127670317506,1.841,"midtide","Massachusetts"
"411",60,13,0.0227951012731005,0.0237172435951483,0.021654355894249,"sites",43.3721239783925,1.391,"midtide","Massachusetts"
"412",61,14,0.0220642513757443,0.0228432966381997,0.020778156664045,"sites",41.9815395726486,1.581,"midtide","Massachusetts"
"413",62,15,0.0212335584042343,0.022098039262729,0.0199442419388266,"sites",40.4009842543519,1.194,"midtide","Massachusetts"
"414",63,16,0.0206059363513016,0.0214175245844685,0.0193816070308961,"sites",39.2068109464449,1.111,"midtide","Massachusetts"
"415",64,17,0.020022032545632,0.0207317046248405,0.018866672310369,"sites",38.0958201266393,1.088,"midtide","Massachusetts"
"416",65,18,0.0194500932141931,0.020200756555699,0.0182463564297251,"sites",37.0075940514799,1.043,"midtide","Massachusetts"
"417",66,19,0.0189019600727512,0.0196695134297884,0.0175933944393893,"sites",35.9646638937034,0.859,"midtide","Massachusetts"
"418",67,20,0.0184504540738099,0.0190387391350572,0.0173793109637602,"sites",35.1055857115776,NA,"midtide","Massachusetts"
"419",1,2,0.05939767473016,0.0672774943080822,0.0501561027572742,"sites",100,11.824,"hightide","Puerto Madryn"
"420",2,3,0.0523745963278871,0.0581435718236991,0.0469738803651837,"sites",88.1761728313804,8.561,"hightide","Puerto Madryn"
"421",3,4,0.0472894208240296,0.0511752466701965,0.0423776138391218,"sites",79.6149361719336,7.457,"hightide","Puerto Madryn"
"422",4,5,0.0428603661289935,0.0458778377918745,0.0388773379230934,"sites",72.1583232402707,6.013,"hightide","Puerto Madryn"
"423",5,6,0.0392889912313453,0.0420314108274245,0.0351311248198875,"sites",66.1456722166865,3.918,"hightide","Puerto Madryn"
"424",6,7,0.0369618972453056,0.038941213975113,0.0337320268293887,"sites",62.2278522067087,3.921,"hightide","Puerto Madryn"
"425",7,8,0.0346326635019871,0.0367880078023317,0.0312376920356387,"sites",58.3064297707296,2.994,"hightide","Puerto Madryn"
"426",8,9,0.032854548739421,0.034707202075837,0.0301844300580189,"sites",55.3128533880781,2.861,"hightide","Puerto Madryn"
"427",9,10,0.0311549563246384,0.0328032609156455,0.0286586326250095,"sites",52.4514746851177,2.423,"hightide","Puerto Madryn"
"428",10,11,0.029715566352592,0.0315987139535188,0.0272389658884999,"sites",50.0281643811614,2.13,"hightide","Puerto Madryn"
"429",11,12,0.028450381643069,0.0303139086741001,0.0262003366846316,"sites",47.8981404109123,1.812,"hightide","Puerto Madryn"
"430",12,13,0.0273741548936247,0.0289171695203171,0.0251635570439837,"sites",46.0862399378154,1.631,"hightide","Puerto Madryn"
"431",13,14,0.0264055354663487,0.0281542072339062,0.0243078417166708,"sites",44.455503664592,1.58,"hightide","Puerto Madryn"
"432",14,15,0.0254667711130726,0.0268653642656946,0.0228505495084736,"sites",42.875030426303,1.035,"hightide","Puerto Madryn"
"433",15,16,0.0248518972444839,0.0264867265818168,0.0229993581269792,"sites",41.8398487102138,1.258,"hightide","Puerto Madryn"
"434",16,17,0.0241045860978845,0.0255833279565748,0.0220695190435483,"sites",40.5816998853746,1.171,"hightide","Puerto Madryn"
"435",17,18,0.0234087529151631,0.0247923528829484,0.0216922054621813,"sites",39.4102176920352,1.129,"hightide","Puerto Madryn"
"436",18,19,0.0227378624488359,0.0241263282365662,0.0206654185105933,"sites",38.2807282475831,0.786,"hightide","Puerto Madryn"
"437",19,20,0.0222709535305552,0.0235966895694189,0.0205850048612891,"sites",37.4946555260468,NA,"hightide","Puerto Madryn"
"438",49,2,0.0804559162588276,0.0872991875801647,0.0719956312448527,"sites",100,13.705,"midtide","Puerto Madryn"
"439",50,3,0.069429071457586,0.0762887488020379,0.0623601680356715,"sites",86.2945507130039,9.707,"midtide","Puerto Madryn"
"440",51,4,0.0616192906783309,0.0666504929029553,0.0565356309125473,"sites",76.5876439466564,7.306,"midtide","Puerto Madryn"
"441",52,5,0.0557412855960136,0.0601601480102532,0.0515740691877306,"sites",69.2817734083014,5.999,"midtide","Puerto Madryn"
"442",53,6,0.0509144596684251,0.0548584605808759,0.046446613646878,"sites",63.2824309708098,4.424,"midtide","Puerto Madryn"
"443",54,7,0.0473547530732043,0.0511223881972794,0.0430734635848268,"sites",58.8580122819849,3.592,"midtide","Puerto Madryn"
"444",55,8,0.0444651279566503,0.0472318999775249,0.0413338464134163,"sites",55.2664490372659,3.178,"midtide","Puerto Madryn"
"445",56,9,0.041908293379276,0.0448952421894528,0.0387838850776485,"sites",52.0885167033044,2.474,"midtide","Puerto Madryn"
"446",57,10,0.0399178759189826,0.0426512365353504,0.0370712532712642,"sites",49.6145936497278,2.221,"midtide","Puerto Madryn"
"447",58,11,0.0381311538801307,0.0407623213198196,0.0355286978933483,"sites",47.3938470322833,1.976,"midtide","Puerto Madryn"
"448",59,12,0.0365409877011826,0.0390625886767321,0.0339892454562668,"sites",45.4174029708765,1.761,"midtide","Puerto Madryn"
"449",60,13,0.0351239446946018,0.037686313912325,0.0325114077759505,"sites",43.6561365874048,1.607,"midtide","Puerto Madryn"
"450",61,14,0.0338311194077873,0.0360699248416288,0.031424180220037,"sites",42.0492624792839,1.432,"midtide","Puerto Madryn"
"451",62,15,0.0326787011025047,0.0347890782889298,0.0302923729194194,"sites",40.6169025499343,1.267,"midtide","Puerto Madryn"
"452",63,16,0.03165925151733,0.0337267695914874,0.0294018174740524,"sites",39.3498116601914,1.142,"midtide","Puerto Madryn"
"453",64,17,0.0307402722633267,0.032784682254191,0.0285100671720809,"sites",38.2075970205036,1.047,"midtide","Puerto Madryn"
"454",65,18,0.029898184710474,0.0318806636882909,0.02777084423491,"sites",37.160952358421,0.979,"midtide","Puerto Madryn"
"455",66,19,0.029110161027495,0.0309903317629931,0.027183088287581,"sites",36.1815045817728,0.943,"midtide","Puerto Madryn"
"456",67,20,0.0283513304476197,0.0301929236951858,0.0263393092012023,"sites",35.2383413997961,NA,"midtide","Puerto Madryn"
"457",97,2,0.129335052390672,0.137362132718573,0.121644809101656,"sites",100,16.206,"lowtide","Puerto Madryn"
"458",98,3,0.108375260645249,0.114888838901086,0.100847351174606,"sites",83.7941908570068,10.762,"lowtide","Puerto Madryn"
"459",99,4,0.0944565781261308,0.0993215401434509,0.0889493219480977,"sites",73.0324659712615,7.628,"lowtide","Puerto Madryn"
"460",100,5,0.0845904312689683,0.090841941798442,0.0803620036227158,"sites",65.4041033002042,5.338,"lowtide","Puerto Madryn"
"461",101,6,0.0776869431196262,0.0827691357730967,0.0732801727253226,"sites",60.0664256778306,4.461,"lowtide","Puerto Madryn"
"462",102,7,0.0719174233736401,0.0766049171996632,0.0678690171388172,"sites",55.6055160950528,3.564,"lowtide","Puerto Madryn"
"463",103,8,0.0673075306913515,0.0715531653276275,0.0633068155886923,"sites",52.0412134585457,2.909,"lowtide","Puerto Madryn"
"464",104,9,0.0635456523338798,0.0675616059227817,0.0601111007778629,"sites",49.1325832860318,2.621,"lowtide","Puerto Madryn"
"465",105,10,0.0601553841724962,0.0641478746222352,0.0567903550630571,"sites",46.5112767657059,2.158,"lowtide","Puerto Madryn"
"466",106,11,0.0573642360634792,0.0610201454171812,0.0537745196819505,"sites",44.3532012421533,1.829,"lowtide","Puerto Madryn"
"467",107,12,0.0549993216062124,0.0584344415588323,0.0518924835477732,"sites",42.5246834400936,1.66,"lowtide","Puerto Madryn"
"468",108,13,0.0528521365821068,0.0560926244149346,0.049915220436852,"sites",40.8645109003092,1.473,"lowtide","Puerto Madryn"
"469",109,14,0.0509475613393231,0.0542213514040708,0.048058612476621,"sites",39.3919207497051,1.36,"lowtide","Puerto Madryn"
"470",110,15,0.0491883316114591,0.0522153482269384,0.0464029378752656,"sites",38.0317096581674,1.135,"lowtide","Puerto Madryn"
"471",111,16,0.0477200385103073,0.0505976484762352,0.0452088380760093,"sites",36.8964465767279,1.141,"lowtide","Puerto Madryn"
"472",112,17,0.0462443496570444,0.0491777131971565,0.0437279828914079,"sites",35.7554652062596,1.002,"lowtide","Puerto Madryn"
"473",113,18,0.0449481652891958,0.0476873730962872,0.0426963356490347,"sites",34.753274118933,0.921,"lowtide","Puerto Madryn"
"474",114,19,0.0437573698431562,0.0464567028345231,0.0413154919462756,"sites",33.8325682282803,0.847,"lowtide","Puerto Madryn"
"475",115,20,0.0426620146869763,0.0453245715570927,0.0404010885688269,"sites",32.9856553953452,NA,"lowtide","Puerto Madryn"
"476",1,2,0.00990336097437107,0.0119042162169375,0.00763712604581477,"sites",100,3.343,"hightide","SANTA CRUZ"
"477",2,3,0.00957228264145274,0.0112746070446736,0.00786662914970832,"sites",96.6569093686969,7.592,"hightide","SANTA CRUZ"
"478",3,4,0.00882039831194365,0.0102677008386431,0.00747152250389286,"sites",89.0646956600893,6.117,"hightide","SANTA CRUZ"
"479",4,5,0.00821462512729613,0.00964884858847487,0.00695063793495329,"sites",82.947851225001,3.709,"hightide","SANTA CRUZ"
"480",5,6,0.00784735821402468,0.00930953313589402,0.00637536570458548,"sites",79.2393434343439,4.149,"hightide","SANTA CRUZ"
"481",6,7,0.00743647380108543,0.00835730725901793,0.00635804352181571,"sites",75.090404362017,3.392,"hightide","SANTA CRUZ"
"482",7,8,0.00710051040414261,0.00826700779384157,0.0061992753326093,"sites",71.6979863959118,3.706,"hightide","SANTA CRUZ"
"483",8,9,0.00673350649311792,0.00787227307121723,0.00579552178014902,"sites",67.9921342920204,2.718,"hightide","SANTA CRUZ"
"484",9,10,0.00646438064268709,0.00732289104749967,0.00552763843188666,"sites",65.2746139357767,2.676,"hightide","SANTA CRUZ"
"485",10,11,0.00619940038162147,0.00695862335727827,0.00532843782635579,"sites",62.5989540082899,2.395,"hightide","SANTA CRUZ"
"486",11,12,0.00596218346305815,0.00691894332412715,0.00513582169473845,"sites",60.2036367096756,2.137,"hightide","SANTA CRUZ"
"487",12,13,0.0057505213113973,0.00651483524962162,0.00504281199579052,"sites",58.0663607666032,1.666,"hightide","SANTA CRUZ"
"488",13,14,0.00558548288159157,0.00643672864328963,0.00479399879098311,"sites",56.3998716803947,1.979,"hightide","SANTA CRUZ"
"489",14,15,0.00538948710438043,0.00614752909366676,0.00458782816866705,"sites",54.4207882387393,1.414,"hightide","SANTA CRUZ"
"490",15,16,0.00524948027261588,0.00588910009004304,0.00448955769573194,"sites",53.0070577675702,1.261,"hightide","SANTA CRUZ"
"491",16,17,0.00512459269344148,0.00589963585175949,0.00445665722849441,"sites",51.7459951899504,1.415,"hightide","SANTA CRUZ"
"492",17,18,0.00498448991270966,0.00570218750019441,0.00434438995929223,"sites",50.3312958662118,1.366,"hightide","SANTA CRUZ"
"493",18,19,0.00484920039801114,0.00551609846824967,0.00424403561111323,"sites",48.9651988911683,1.069,"hightide","SANTA CRUZ"
"494",19,20,0.00474329944990979,0.00533821510635167,0.00409942157398048,"sites",47.8958553786435,NA,"hightide","SANTA CRUZ"
"495",49,2,0.0578690889837247,0.0652993656617343,0.049529849662353,"sites",100,13.213,"midtide","SANTA CRUZ"
"496",50,3,0.0502228506849201,0.0549611278365057,0.0427721336293074,"sites",86.787007652816,10.344,"midtide","SANTA CRUZ"
"497",51,4,0.0442370087727414,0.048145781054345,0.0384597951948154,"sites",76.4432437932153,7.59,"midtide","SANTA CRUZ"
"498",52,5,0.0398449794162839,0.0434855752497241,0.0350663752153266,"sites",68.8536490137074,5.483,"midtide","SANTA CRUZ"
"499",53,6,0.0366721829083184,0.0402823155869971,0.0321213410192238,"sites",63.3709352477144,4.491,"midtide","SANTA CRUZ"
"500",54,7,0.0340730030129009,0.0376358461547332,0.0299679701462778,"sites",58.8794529364091,3.698,"midtide","SANTA CRUZ"
"501",55,8,0.0319330959462839,0.0345474188489036,0.0280453509173154,"sites",55.1816116463574,3.079,"midtide","SANTA CRUZ"
"502",56,9,0.0301515951027073,0.0328200529840325,0.0265590502390969,"sites",52.1031100233619,2.576,"midtide","SANTA CRUZ"
"503",57,10,0.0286606269451366,0.0313156412757111,0.0249724352318052,"sites",49.5266599983926,2.262,"midtide","SANTA CRUZ"
"504",58,11,0.0273515079338986,0.0295391037383833,0.0242696292883856,"sites",47.2644522563523,1.86,"midtide","SANTA CRUZ"
"505",59,12,0.026274987488846,0.0284438477434619,0.0234450116473298,"sites",45.4041837365639,1.802,"midtide","SANTA CRUZ"
"506",60,13,0.0252321543560599,0.0273485947819582,0.0224606610967217,"sites",43.6021281813444,1.568,"midtide","SANTA CRUZ"
"507",61,14,0.024325023769763,0.0265118189588676,0.021506607167322,"sites",42.034571818824,1.375,"midtide","SANTA CRUZ"
"508",62,15,0.0235295922822112,0.0253111487005761,0.0208561921163609,"sites",40.6600357728609,1.286,"midtide","SANTA CRUZ"
"509",63,16,0.022785146261052,0.0247423302327616,0.0201089909803461,"sites",39.3736045636732,1.104,"midtide","SANTA CRUZ"
"510",64,17,0.0221465181429905,0.0240647374321563,0.0195863212692675,"sites",38.2700307399327,1.163,"midtide","SANTA CRUZ"
"511",65,18,0.021473503426709,0.0232876463468632,0.018970405268708,"sites",37.107035558739,0.951,"midtide","SANTA CRUZ"
"512",66,19,0.0209233137615211,0.0226171017601483,0.0184763163315373,"sites",36.1562867654711,0.88,"midtide","SANTA CRUZ"
"513",67,20,0.0204143248057237,0.0219362745899132,0.0180068545525417,"sites",35.2767343744864,NA,"midtide","SANTA CRUZ"
"514",97,2,0.0441520860111978,0.0478472606243889,0.0339680365248585,"sites",100,12.059,"lowtide","SANTA CRUZ"
"515",98,3,0.0388276198901755,0.0420225611627091,0.0325765745031837,"sites",87.9406238707002,10.709,"lowtide","SANTA CRUZ"
"516",99,4,0.0340992855534165,0.0374645453982296,0.0278253022424505,"sites",77.2314258147811,6.669,"lowtide","SANTA CRUZ"
"517",100,5,0.0311546420117852,0.0340410623343827,0.0256500366528883,"sites",70.5621066327055,5.902,"lowtide","SANTA CRUZ"
"518",101,6,0.0285485990021939,0.0309185158201375,0.0234289565607337,"sites",64.6596833385257,4.529,"lowtide","SANTA CRUZ"
"519",102,7,0.0265488936611897,0.0291775466945779,0.0217363158049272,"sites",60.1305534113527,3.719,"lowtide","SANTA CRUZ"
"520",103,8,0.0249068836353895,0.0272375905680039,0.0199368576376186,"sites",56.4115671206852,3.106,"lowtide","SANTA CRUZ"
"521",104,9,0.023535652181669,0.0256394835578082,0.0192623934697094,"sites",53.3058668523611,2.557,"lowtide","SANTA CRUZ"
"522",105,10,0.0224068104457961,0.0243201781496565,0.0184380643588394,"sites",50.7491547287557,2.251,"lowtide","SANTA CRUZ"
"523",106,11,0.0214129513066819,0.0233713037402351,0.0172433437996666,"sites",48.4981645063185,2.044,"lowtide","SANTA CRUZ"
"524",107,12,0.0205105471034838,0.0224155986588108,0.0165160901146888,"sites",46.4543104447703,1.669,"lowtide","SANTA CRUZ"
"525",108,13,0.0197738521677181,0.0213949326366244,0.0162001571553675,"sites",44.7857710793168,1.757,"lowtide","SANTA CRUZ"
"526",109,14,0.0189982751840475,0.0206065005289477,0.0154892061714187,"sites",43.0291678160555,1.38,"lowtide","SANTA CRUZ"
"527",110,15,0.0183890298592009,0.0199228936696404,0.0150743133056172,"sites",41.6492889023117,1.29,"lowtide","SANTA CRUZ"
"528",111,16,0.0178196878975681,0.0193867962152795,0.0145599565053243,"sites",40.3597870620399,1.197,"lowtide","SANTA CRUZ"
"529",112,17,0.0172913668727339,0.0187308131544113,0.0142041794202319,"sites",39.1631934861435,0.952,"lowtide","SANTA CRUZ"
"530",113,18,0.0168709122754162,0.0182043682243245,0.0138888085668468,"sites",38.2109064363063,1.169,"lowtide","SANTA CRUZ"
"531",114,19,0.0163549227830147,0.0178777567735728,0.0133804689500534,"sites",37.0422425315688,0.819,"lowtide","SANTA CRUZ"
"532",115,20,0.0159934233007992,0.0172880132193956,0.0131823956327982,"sites",36.2234828423351,NA,"lowtide","SANTA CRUZ"
